{"name":"2017013175950","input":{"size":1},"hidden":[{"size":6},{"size":6},{"size":6}],"output":{"size":1},"weights":[[[32.777362235007146,31.07808234952637,42.120840704352325,15.754338011424345,17.093442614386372,38.43012456192886]],[[-0.21609631186724704,-2.487595524500199,-2.049951780249337,-5.851999401244964,-0.4953699797567076,-0.7102531903660504],[0.632355044558422,1.3445845402980945,0.9103755670328111,4.305959245032107,0.28593839284868533,0.7559101852227544],[0.8173304783068813,1.6147314338629988,0.835629930169099,5.096471734705534,1.063375965427627,0.967838368545945],[-0.12135951168938772,-0.1502117602743405,0.18660469621135142,0.32921574510664336,0.5143086314821752,0.20154703185949624],[0.5302561517576893,-1.137959673853313,-1.1362123723634017,-4.552312364102869,0.041198820371792136,0.19091283729360206],[0.4160324704650542,-1.7287182247330908,-1.0534089950609065,-4.357278757624643,0.02158631181508298,-0.01781138433606191]],[[0.588273591971637,1.08123915769478,1.1299647170672482,0.7134889312023853,0.6902913392279103,0.45674644942961373],[0.28598495915258115,1.193334906887439,0.79841789890971,0.6357653274058734,0.3870585784581598,0.8023878643988083],[0.6162603811620427,0.40974376941387963,0.7583967111729565,0.6520871567984347,0.802721757730561,0.9434542959852246],[1.1430768954121133,1.4247849002982818,1.2489150636105952,0.8828908615657376,0.7995114457336183,0.534506479368293],[-0.5440165704955471,-0.4117995112136378,-0.31065533117595723,-0.14879629647272005,0.604904201199633,-0.7339476265728833],[0.4027687020482003,0.7162870733175887,0.46060684670724683,0.03448301465384711,0.5558952020757992,0.2441426472242792]],[[-7.621892029036149],[-7.205929775133048],[-7.710543282710856],[-6.667907458664235],[-7.63414512400122],[-7.353513461505301]]]}